{
  "tfidf": {
    "label": "TF-IDF + Random Forest",
    "cv_accuracy": 0.7194394364809615,
    "cv_std": 0.03182668920050987,
    "cv_folds": [
      0.7524752475247525,
      0.6831683168316832,
      0.7475247524752475,
      0.7263681592039801,
      0.6915422885572139,
      0.7376237623762376,
      0.7524752475247525,
      0.698019801980198,
      0.746268656716418,
      0.6666666666666666,
      0.7128712871287128,
      0.7425742574257426,
      0.6633663366336634,
      0.7711442786069652,
      0.7263681592039801,
      0.6732673267326733,
      0.7722772277227723,
      0.7029702970297029,
      0.736318407960199,
      0.7014925373134329,
      0.7376237623762376,
      0.693069306930693,
      0.7475247524752475,
      0.7114427860696517,
      0.6915422885572139
    ],
    "heldout_accuracy": 0.680952380952381
  },
  "fasttext_custom": {
    "label": "fastText (learned)",
    "cv_accuracy": 0.752188562139796,
    "cv_std": 0.03214597513894659,
    "cv_folds": [
      0.7673267326732673,
      0.7128712871287128,
      0.806930693069307,
      0.7512437810945274,
      0.746268656716418,
      0.7524752475247525,
      0.7970297029702971,
      0.7079207920792079,
      0.7960199004975125,
      0.7164179104477612,
      0.7722772277227723,
      0.7772277227722773,
      0.693069306930693,
      0.7562189054726368,
      0.7611940298507462,
      0.7326732673267327,
      0.7970297029702971,
      0.7079207920792079,
      0.7960199004975125,
      0.746268656716418,
      0.7673267326732673,
      0.7277227722772277,
      0.7326732673267327,
      0.7263681592039801,
      0.7562189054726368
    ],
    "heldout_accuracy": 0.7142857142857143
  },
  "fasttext_pretrained": {
    "label": "fastText (pretrained)",
    "cv_accuracy": 0.7555814984483523,
    "cv_std": 0.03464625793643445,
    "cv_folds": [
      0.7821782178217822,
      0.7277227722772277,
      0.7722772277227723,
      0.746268656716418,
      0.7114427860696517,
      0.7326732673267327,
      0.7376237623762376,
      0.7277227722772277,
      0.8059701492537313,
      0.7512437810945274,
      0.7673267326732673,
      0.801980198019802,
      0.698019801980198,
      0.7810945273631841,
      0.7661691542288557,
      0.7079207920792079,
      0.7970297029702971,
      0.7277227722772277,
      0.8159203980099502,
      0.7611940298507462,
      0.7475247524752475,
      0.7475247524752475,
      0.7277227722772277,
      0.7263681592039801,
      0.8208955223880597
    ],
    "heldout_accuracy": 0.7285714285714285
  },
  "bert": {
    "label": "BERT + MLP",
    "cv_accuracy": 0.7817605044086499,
    "cv_std": 0.03366624230837479,
    "cv_folds": [
      0.7623762376237624,
      0.806930693069307,
      0.801980198019802,
      0.7611940298507462,
      0.7910447761194029,
      0.7920792079207921,
      0.8316831683168316,
      0.7079207920792079,
      0.8059701492537313,
      0.7562189054726368,
      0.7524752475247525,
      0.8316831683168316,
      0.7574257425742574,
      0.8308457711442786,
      0.746268656716418,
      0.7574257425742574,
      0.7970297029702971,
      0.7623762376237624,
      0.8407960199004975,
      0.746268656716418,
      0.7722772277227723,
      0.7574257425742574,
      0.7623762376237624,
      0.8159203980099502,
      0.7960199004975125
    ],
    "heldout_accuracy": 0.7714285714285715
  }
}